{
    "list": [
        {
            "id": 2569,
            "name": "Rahul Pandey",
             "from_date": "2017/01/23",
             "to_date": "2017/01/23",
            "total_days":1,
            "status":"pending",
            "department":"Support"
        },
        {
            "id": 9658,
            "name": "Shyama K",
            "from_date": "2017/01/23",
             "to_date": "2017/01/23",
            "total_days":1,
            "status":"pending",
            "department":"Development"
        },
        {
            "id": 1101,
            "name": "Neeraj R",
            "from_date": "2017/01/23",
             "to_date": "2017/01/23",
            "total_days":1,
            "status":"pending",
            "department":"ADM"
        },
        {
            "id": 2569,
            "name": "Prassanna Ujwal Muth",
             "from_date": "2017/01/23",
             "to_date": "2017/01/23",
            "total_days":1,
            "status":"pending",
            "department":"Core"
        },
        {
            "id": 6598,
            "name": "K Aarti",
             "from_date": "2017/01/23",
             "to_date": "2017/01/23",
            "total_days":1,
            "status":"pending",
            "department":"Support"
        }
    ]
}