{
    "list": [
        {
            "id": 2569,
            "name": "Rahul Pandey",
             "from_date": "2017/01/13",
             "to_date": "2017/01/19",
            "total_hour":40,
            "status":"pending",
            "reporting_manager":"Ashish K",
            "department":"Support"
        },
        {
            "id": 9658,
            "name": "Shyama K",
             "from_date": "2017/01/13",
             "to_date": "2017/01/19",
            "total_hour":40,
            "status":"pending",
            "reporting_manager":"Shanthi Kiran",
            "department":"Development"
        },
        {
            "id": 11040,
            "name": "Neeraj R",
             "from_date": "2017/01/13",
             "to_date": "2017/01/19",
            "total_hour":40,
            "status":"pending",
            "reporting_manager":"Ravish H",
            "department":"ADM"
        },
        {
            "id": 2569,
            "name": "Prassanna Ujwal Muth",
              "from_date": "2017/01/13",
             "to_date": "2017/01/19",
            "total_hour":40,
            "status":"pending",
            "reporting_manager":"Prashanth Nair",
            "department":"Core"
        },
        {
            "id": 6598,
            "name": "K Aarti",
              "from_date": "2017/01/13",
             "to_date": "2017/01/19",
            "total_hour":40,
            "status":"pending",
            "reporting_manager":"Ashish K",
            "department":"Support"
        }
    ]
}